ts,cpu_total,cpu_max_core,ram_used_gb,cpu_server_pct,cpu_client_pct,gpu0_util,gpu0_memutil,gpu0_mem_mib,gpu0_power_w
1785126308.497,2.1,100.0,71.79,0.0,0.0,0,0,0,33.14
1785126309.497,8.5,100.0,71.85,24.0,0.0,0,0,0,33.18
1785126310.497,9.4,100.0,71.90,14.0,0.0,0,0,0,33.23
1785126311.497,7.6,68.7,71.95,12.0,0.0,0,0,0,33.19
1785126312.497,6.6,100.0,71.97,20.0,0.0,0,0,0,33.18
1785126313.497,6.8,100.0,71.97,31.0,0.0,0,0,0,33.14
1785126314.498,7.7,100.0,72.01,49.0,0.0,0,0,0,33.14
1785126315.498,8.3,100.0,72.03,177.0,0.0,0,0,0,33.18
1785126316.498,6.8,100.0,72.05,26.0,0.0,0,0,0,33.17
1785126317.498,6.6,100.0,72.06,32.0,0.0,0,0,0,33.13
1785126318.498,10.1,100.0,72.07,31.1,0.0,0,0,0,33.13
1785126319.498,6.6,100.0,72.08,18.0,0.0,0,0,0,33.14
1785126320.498,6.5,100.0,72.11,25.9,0.0,0,0,0,33.15
1785126321.498,7.2,100.0,72.11,12.0,0.0,0,0,0,33.18
1785126322.498,7.5,100.0,72.14,19.0,0.0,0,0,0,33.12
1785126323.498,8.2,100.0,71.23,16.0,0.0,0,0,0,33.08
1785126324.498,8.0,100.0,70.99,30.1,0.0,0,0,0,33.14
1785126325.498,7.3,100.0,71.00,61.0,0.0,0,0,0,33.14
1785126326.499,6.6,100.0,71.28,32.8,0.0,0,0,0,33.10
1785126327.499,6.7,100.0,71.46,36.0,0.0,0,0,0,33.15
1785126328.499,7.0,100.0,71.64,25.0,0.0,0,0,0,33.15
1785126329.499,6.5,100.0,71.93,39.0,0.0,0,0,0,33.10
1785126330.499,6.2,100.0,72.12,25.0,0.0,0,0,0,33.15
1785126331.499,5.7,100.0,72.14,34.0,0.0,0,0,0,33.15
1785126332.499,6.6,100.0,72.16,37.0,0.0,0,0,0,33.15
1785126333.499,5.7,100.0,72.18,34.0,0.0,0,0,0,33.15
1785126334.499,5.3,100.0,72.35,13.0,0.0,0,0,0,33.15
1785126335.500,5.6,100.0,72.37,35.0,0.0,0,0,0,33.15
1785126336.500,6.3,100.0,72.37,48.0,0.0,0,0,0,33.10
1785126337.500,5.7,100.0,72.38,38.0,0.0,0,0,0,33.19
1785126338.500,6.4,100.0,72.40,53.0,0.0,0,0,0,33.24
1785126339.500,5.5,100.0,72.40,27.0,0.0,0,0,0,33.15
1785126340.500,6.8,100.0,72.36,20.0,0.0,0,0,0,33.10
1785126341.500,5.4,100.0,72.33,15.0,0.0,0,0,0,33.10
1785126342.500,5.6,100.0,72.33,22.0,0.0,0,0,0,33.19
1785126343.500,5.6,100.0,72.34,45.0,0.0,0,0,0,33.24
1785126344.500,6.8,100.0,72.33,47.0,0.0,0,0,0,33.18
1785126345.501,5.7,100.0,72.31,25.0,0.0,0,0,0,33.13
1785126346.501,5.4,100.0,72.31,31.0,0.0,0,0,0,33.14
1785126347.501,5.7,100.0,72.30,41.0,0.0,0,0,0,33.18
1785126348.501,6.4,100.0,72.28,23.0,0.0,0,0,0,33.24
1785126349.501,5.4,100.0,72.28,41.0,0.0,0,0,0,33.24
1785126350.501,5.6,100.0,72.26,28.0,0.0,0,0,0,33.19
1785126351.501,6.5,100.0,72.26,35.0,0.0,0,0,0,33.17
1785126352.501,5.5,100.0,72.28,27.0,0.0,0,0,0,33.18
1785126353.501,6.1,100.0,72.29,27.0,0.0,0,0,0,33.20
1785126354.501,5.5,100.0,72.29,35.0,0.0,0,0,0,33.15
1785126355.502,5.7,100.0,72.31,25.0,0.0,0,0,0,33.09
1785126356.502,6.5,100.0,72.30,24.0,0.0,0,0,0,33.09
1785126357.502,5.6,100.0,72.29,23.0,0.0,0,0,0,33.14
1785126358.502,5.6,100.0,72.27,24.0,0.0,0,0,0,33.19
1785126359.502,5.5,100.0,72.26,23.0,0.0,0,0,0,33.19
1785126360.502,6.8,100.0,72.24,30.0,0.0,0,0,0,33.24
1785126361.502,8.1,100.0,72.23,21.0,0.0,0,0,0,33.19
1785126362.502,6.6,100.0,72.24,24.0,0.0,0,0,0,33.14
1785126363.502,7.8,100.0,72.24,22.0,0.0,0,0,0,33.19
1785126364.502,6.3,100.0,72.23,23.0,0.0,0,0,0,33.23
1785126365.503,6.5,100.0,72.23,21.0,0.0,0,0,0,33.24
1785126366.503,6.5,100.0,72.25,23.0,0.0,0,0,0,33.23
1785126367.503,7.1,100.0,72.25,25.0,0.0,0,0,0,33.22
1785126368.503,6.2,100.0,72.24,23.0,0.0,0,0,0,33.17
1785126369.503,8.5,100.0,72.24,23.0,0.0,0,0,0,33.18
1785126370.503,8.5,100.0,72.25,23.0,0.0,0,0,0,33.24
1785126371.503,7.9,100.0,72.26,23.0,0.0,0,0,0,33.24
1785126372.503,6.6,100.0,72.26,20.0,0.0,0,0,0,33.14
1785126373.503,6.5,100.0,72.25,19.0,0.0,0,0,0,33.23
1785126374.503,6.2,100.0,72.27,26.0,0.0,0,0,0,33.28
1785126375.503,6.3,100.0,72.26,20.0,0.0,0,0,0,33.14
1785126376.504,7.2,100.0,72.26,23.0,0.0,0,0,0,33.14
1785126377.504,6.9,100.0,72.26,27.0,0.0,0,0,0,33.13
1785126378.504,8.5,100.0,72.29,22.1,0.0,0,0,0,33.13
1785126379.504,7.6,100.0,72.30,26.0,0.0,0,0,0,33.23
1785126380.504,6.6,100.0,72.31,25.9,0.0,0,0,0,33.13
1785126381.504,6.4,100.0,72.33,33.0,0.0,0,0,0,33.14
1785126382.504,7.7,100.0,72.32,15.0,0.0,0,0,0,33.24
1785126383.504,6.5,100.0,72.32,13.1,0.0,0,0,0,33.18
1785126384.504,7.8,100.0,72.31,14.0,0.0,0,0,0,33.18
1785126385.504,7.7,100.0,72.33,16.0,0.0,0,0,0,33.19
1785126386.504,7.2,100.0,72.33,15.0,0.0,0,0,0,33.20
1785126387.505,6.6,100.0,72.33,16.0,0.0,0,0,0,33.14
1785126388.505,5.7,100.0,72.32,19.0,0.0,0,0,0,33.14
1785126389.505,5.5,100.0,72.32,18.0,0.0,0,0,0,33.19
1785126390.505,6.2,100.0,72.30,11.0,0.0,0,0,0,33.14
1785126391.505,5.6,100.0,72.31,23.0,0.0,0,0,0,33.19
1785126392.505,5.5,100.0,72.29,23.0,0.0,0,0,0,33.15
1785126393.505,5.6,100.0,72.28,21.1,0.0,0,0,0,33.05
1785126394.505,6.5,100.0,72.29,21.9,0.0,0,0,0,33.19
1785126395.505,5.4,100.0,72.28,22.0,0.0,0,0,0,33.19
1785126396.505,5.5,100.0,72.29,25.0,0.0,0,0,0,33.10
1785126397.506,5.5,100.0,72.28,26.0,0.0,0,0,0,33.05
1785126398.506,5.4,100.0,72.27,18.0,0.0,0,0,0,33.05
1785126399.506,6.3,100.0,72.27,16.0,0.0,0,0,0,33.15
1785126400.506,5.9,100.0,72.29,11.0,0.0,0,0,0,33.15
1785126401.506,5.6,100.0,72.29,19.0,0.0,0,0,0,33.10
1785126402.506,5.6,100.0,72.30,31.0,0.0,0,0,0,33.15
1785126403.506,6.4,100.0,72.30,26.0,0.0,0,0,0,33.19
1785126404.506,5.5,100.0,71.88,31.0,0.0,0,0,0,33.19
1785126405.506,5.9,100.0,71.86,32.0,0.0,0,0,0,33.19
1785126406.507,5.7,100.0,71.88,49.0,0.0,0,0,0,33.14
1785126407.507,6.3,100.0,71.87,26.9,0.0,0,0,0,33.14
1785126408.507,5.3,100.0,71.87,26.1,0.0,0,0,0,33.19
1785126409.507,5.5,100.0,71.89,43.0,0.0,0,0,0,33.20
1785126410.507,5.5,100.0,72.17,16.0,0.0,0,0,0,33.20
1785126411.507,5.3,100.0,72.27,21.0,0.0,0,0,0,33.14
1785126412.507,8.4,100.0,72.26,182.0,0.0,0,0,0,33.15
1785126413.507,5.5,100.0,72.24,33.0,0.0,0,0,0,33.15
1785126414.507,5.6,100.0,72.30,43.0,0.0,0,0,0,33.15
1785126415.507,5.9,100.0,72.29,27.0,0.0,0,0,0,33.24
1785126416.508,7.1,100.0,72.32,26.0,0.0,0,0,0,33.24
1785126417.508,5.8,100.0,72.31,32.0,0.0,0,0,0,33.19
1785126418.508,5.5,100.0,72.31,23.0,0.0,0,0,0,33.29
1785126419.508,5.5,100.0,72.30,21.0,0.0,0,0,0,33.19
1785126420.508,6.1,99.0,72.31,25.0,0.0,0,0,0,33.09
1785126421.508,6.1,100.0,72.30,26.0,0.0,0,0,0,33.19
1785126422.508,6.9,100.0,72.30,29.0,0.0,0,0,0,33.19
1785126423.508,5.8,100.0,72.30,24.0,0.0,0,0,0,33.19
1785126424.508,6.4,100.0,72.29,19.0,0.0,0,0,0,33.19
1785126425.508,5.3,100.0,72.30,14.0,0.0,0,0,0,33.19
1785126426.508,5.5,100.0,72.32,8.0,0.0,0,0,0,33.20
1785126427.509,5.3,100.0,72.30,8.0,0.0,0,0,0,33.15
1785126428.509,7.4,100.0,72.29,33.0,0.0,0,0,0,33.10
1785126429.509,8.0,100.0,72.31,24.0,0.0,0,0,0,33.18
1785126430.509,8.6,100.0,72.32,27.0,0.0,0,0,0,33.18
1785126431.509,7.0,100.0,72.30,23.0,0.0,0,0,0,33.14
1785126432.509,7.2,100.0,72.29,34.0,0.0,0,0,0,33.19
1785126433.509,6.2,100.0,72.29,30.0,0.0,0,0,0,33.13
1785126434.509,6.4,100.0,72.29,15.0,0.0,0,0,0,33.14
1785126435.509,6.2,100.0,72.28,13.0,0.0,0,0,0,33.14
1785126436.509,7.0,99.0,72.27,8.0,0.0,0,0,0,33.19
1785126437.510,6.5,100.0,72.28,10.0,0.0,0,0,0,33.19
1785126438.510,9.2,100.0,72.32,15.0,0.0,0,0,0,33.10
1785126439.510,5.6,100.0,72.30,20.0,0.0,0,0,0,33.10
1785126440.510,5.6,100.0,72.29,12.0,0.0,0,0,0,33.15
1785126441.510,5.6,100.0,72.31,10.0,0.0,0,0,0,33.16
1785126442.510,6.4,100.0,72.33,11.0,0.0,0,0,0,33.12
1785126443.510,6.0,100.0,72.32,13.0,0.0,0,0,0,33.11
1785126444.510,5.3,59.0,72.34,10.0,0.0,0,0,0,33.20
1785126445.510,7.7,100.0,72.31,11.0,0.0,0,0,0,33.25
1785126446.510,6.5,100.0,72.31,8.0,0.0,0,0,0,33.20
1785126447.511,5.9,100.0,72.33,10.0,0.0,0,0,0,33.15
1785126448.511,5.8,100.0,72.33,15.0,0.0,0,0,0,33.11
1785126449.511,5.5,100.0,72.33,26.0,0.0,0,0,0,33.20
1785126450.511,6.3,100.0,72.34,16.0,0.0,0,0,0,33.24
1785126451.511,5.3,100.0,72.34,15.0,0.0,0,0,0,33.20
1785126452.511,5.5,100.0,72.32,19.0,0.0,0,0,0,33.15
1785126453.511,5.3,100.0,72.31,20.0,0.0,0,0,0,33.21
1785126454.511,6.5,100.0,72.30,11.0,0.0,0,0,0,33.21
1785126455.511,5.7,94.9,72.30,39.0,0.0,0,0,0,33.10
1785126456.511,5.3,100.0,72.32,11.0,0.0,0,0,0,33.15
1785126457.512,5.4,100.0,72.31,14.0,0.0,0,0,0,33.26
1785126458.512,6.5,100.0,72.30,16.0,0.0,0,0,0,33.20
1785126459.512,5.2,100.0,72.29,15.0,0.0,0,0,0,33.09
1785126460.512,5.9,100.0,72.27,13.0,0.0,0,0,0,33.15
1785126461.512,5.4,100.0,72.27,17.0,0.0,0,0,0,33.15
1785126462.512,6.4,100.0,72.27,15.0,0.0,0,0,0,33.09
1785126463.512,6.3,100.0,72.28,35.0,0.0,0,0,0,33.14
1785126464.512,5.6,100.0,72.30,26.0,0.0,0,0,0,33.19
1785126465.512,5.7,100.0,72.31,32.0,0.0,0,0,0,33.24
1785126466.512,5.6,100.0,72.33,34.0,0.0,0,0,0,33.19
1785126467.512,6.7,100.0,72.30,30.0,0.0,0,0,0,33.08
1785126468.513,5.6,99.0,72.32,41.0,0.0,0,0,0,33.18
1785126469.513,5.7,100.0,72.33,48.0,0.0,0,0,0,33.24
1785126470.513,5.8,100.0,72.32,43.0,0.0,0,0,0,33.14
1785126471.513,6.4,100.0,72.32,34.0,0.0,0,0,0,33.14
1785126472.513,5.5,100.0,72.29,27.0,0.0,0,0,0,33.19
1785126473.513,7.1,100.0,72.33,152.0,0.0,0,0,0,33.29
1785126474.513,5.5,100.0,72.33,29.0,0.0,0,0,0,33.29
1785126475.513,6.3,100.0,72.35,12.0,0.0,0,0,0,33.24
1785126476.513,5.6,100.0,72.36,10.0,0.0,0,0,0,33.28
1785126477.513,5.5,100.0,72.35,9.0,0.0,0,0,0,33.34
1785126478.513,5.5,100.0,72.35,12.0,0.0,0,0,0,33.23
1785126479.513,6.0,100.0,72.37,11.0,0.0,0,0,0,33.14
1785126480.514,6.2,100.0,72.37,13.0,0.0,0,0,0,33.19
1785126481.514,5.5,100.0,72.36,21.0,0.0,0,0,0,33.14
1785126482.514,7.2,100.0,72.34,21.0,0.0,0,0,0,33.14
1785126483.514,6.9,100.0,72.35,26.0,0.0,0,0,0,33.24
1785126484.514,5.3,100.0,72.37,31.0,0.0,0,0,0,33.24
1785126485.514,5.6,100.0,72.37,29.0,0.0,0,0,0,33.24
1785126486.514,5.4,100.0,72.36,19.0,0.0,0,0,0,33.18
1785126487.514,6.3,100.0,72.35,27.0,0.0,0,0,0,33.13
1785126488.514,5.5,100.0,72.34,21.0,0.0,0,0,0,33.19
1785126489.514,7.1,100.0,72.35,28.0,0.0,0,0,0,33.14
1785126490.514,7.6,100.0,72.34,30.0,0.0,0,0,0,33.19
1785126491.515,6.0,89.0,72.33,18.0,0.0,0,0,0,33.19
1785126492.515,6.1,100.0,72.31,22.0,0.0,0,0,0,33.14
1785126493.515,5.7,100.0,72.32,26.0,0.0,0,0,0,33.14
1785126494.515,6.1,100.0,72.32,19.0,0.0,0,0,0,33.28
1785126495.515,6.4,100.0,72.34,19.0,0.0,0,0,0,33.33
1785126496.515,7.3,100.0,72.33,47.0,0.0,0,0,0,33.19
1785126497.515,6.8,100.0,72.32,12.0,0.0,0,0,0,33.18
1785126498.515,9.5,100.0,72.34,12.0,0.0,0,0,0,33.13
1785126499.515,6.5,100.0,72.35,28.0,0.0,0,0,0,33.12
1785126500.515,7.1,100.0,72.36,40.0,0.0,0,0,0,33.08
1785126501.516,7.3,100.0,72.37,20.0,0.0,0,0,0,33.09
1785126502.516,6.4,100.0,72.38,19.0,0.0,0,0,0,33.14
1785126503.516,8.3,100.0,72.36,30.0,0.0,0,0,0,33.14
1785126504.516,6.6,100.0,72.35,18.0,0.0,0,0,0,33.14
1785126505.516,7.4,100.0,72.35,15.0,0.0,0,0,0,33.14
1785126506.516,7.9,100.0,72.37,18.0,0.0,0,0,0,33.13
1785126507.516,6.9,99.0,72.38,20.0,0.0,0,0,0,33.18
1785126508.516,7.6,100.0,72.36,43.0,0.0,0,0,0,33.23
1785126509.516,6.4,100.0,72.36,12.0,0.0,0,0,0,33.17
1785126510.516,7.1,99.0,72.35,14.0,0.0,0,0,0,33.22
1785126511.517,6.7,100.0,72.36,29.0,0.0,0,0,0,33.23
1785126512.517,7.5,100.0,72.49,3.0,0.0,0,0,0,33.19
1785126513.517,8.6,100.0,72.58,197.1,0.0,0,0,0,33.19
1785126514.517,6.7,100.0,72.60,38.0,0.0,0,0,0,33.23
1785126515.517,7.4,100.0,72.55,36.0,0.0,0,0,0,33.22
1785126516.517,5.9,100.0,72.59,20.0,0.0,0,0,0,33.22
1785126517.517,7.0,100.0,72.62,34.0,0.0,0,0,0,33.23
1785126518.517,6.8,100.0,72.64,22.0,0.0,0,0,0,33.18
1785126519.517,6.4,100.0,72.63,30.0,0.0,0,0,0,33.08
1785126520.517,6.5,100.0,72.67,16.0,0.0,0,0,0,33.23
1785126521.517,7.4,100.0,72.71,35.0,0.0,0,0,0,33.33
1785126522.518,6.2,100.0,72.77,63.0,0.0,0,0,0,33.24
1785126523.518,5.5,100.0,72.82,35.0,0.0,0,0,0,33.19
1785126524.518,5.5,100.0,72.84,33.0,0.0,0,0,0,33.14
1785126525.518,6.9,100.0,72.87,40.0,0.0,0,0,0,33.23
1785126526.518,6.2,100.0,72.89,29.0,0.0,0,0,0,33.24
1785126527.518,5.6,100.0,71.66,32.0,0.0,0,0,0,33.19
1785126528.518,5.7,100.0,71.71,45.0,0.0,0,0,0,33.18
1785126529.518,6.4,100.0,72.06,26.0,0.0,0,0,0,33.15
1785126530.518,5.4,100.0,72.59,9.0,0.0,0,0,0,33.15
1785126531.518,5.6,100.0,72.85,29.0,0.0,0,0,0,33.19
1785126532.518,5.9,100.0,72.86,30.0,0.0,0,0,0,33.19
1785126533.519,5.8,100.0,72.88,61.0,0.0,0,0,0,33.19
1785126534.519,6.5,100.0,72.86,41.9,0.0,0,0,0,33.15
1785126535.519,6.0,100.0,72.85,20.0,0.0,0,0,0,33.10
1785126536.519,5.5,100.0,72.85,18.0,0.0,0,0,0,33.10
1785126537.519,5.8,100.0,72.87,39.0,0.0,0,0,0,33.15
1785126538.519,6.6,100.0,72.88,54.0,0.0,0,0,0,33.19
1785126539.519,5.6,100.0,72.87,35.0,0.0,0,0,0,33.18
1785126540.519,5.7,100.0,72.87,34.0,0.0,0,0,0,33.18
1785126541.519,5.8,100.0,72.90,19.0,0.0,0,0,0,33.15
1785126542.519,5.8,100.0,72.89,16.0,0.0,0,0,0,33.11
1785126543.519,8.0,100.0,72.89,16.0,0.0,0,0,0,33.15
1785126544.520,5.7,100.0,72.88,19.0,0.0,0,0,0,33.24
1785126545.520,5.5,100.0,72.88,13.0,0.0,0,0,0,33.28
1785126546.520,6.2,100.0,72.90,15.0,0.0,0,0,0,33.28
1785126547.520,5.3,100.0,72.89,14.0,0.0,0,0,0,33.22
1785126548.520,5.6,100.0,72.87,29.0,0.0,0,0,0,33.17
1785126549.520,7.0,100.0,72.88,13.0,0.0,0,0,0,33.13
1785126550.520,8.4,100.0,72.89,20.0,0.0,0,0,0,33.09
1785126551.520,5.8,100.0,72.89,14.0,0.0,0,0,0,33.14
1785126552.520,5.5,100.0,72.88,16.0,0.0,0,0,0,33.18
1785126553.520,5.4,100.0,72.86,16.0,0.0,0,0,0,33.19
1785126554.521,5.5,100.0,72.85,10.0,0.0,0,0,0,33.14
1785126555.521,6.1,100.0,72.83,19.0,0.0,0,0,0,33.15
1785126556.521,5.3,100.0,72.83,11.0,0.0,0,0,0,33.10
1785126557.521,6.1,100.0,72.83,11.0,0.0,0,0,0,33.14
1785126558.521,9.3,100.0,72.84,12.0,0.0,0,0,0,33.19
1785126559.521,5.4,100.0,72.85,13.0,0.0,0,0,0,33.19
1785126560.521,5.6,100.0,72.84,11.0,0.0,0,0,0,33.29
1785126561.521,5.3,100.0,72.88,21.0,0.0,0,0,0,33.24
1785126562.521,7.4,100.0,72.89,36.0,0.0,0,0,0,33.13
1785126563.522,7.2,100.0,72.85,14.0,0.0,0,0,0,33.14
1785126564.522,7.2,100.0,72.83,19.0,0.0,0,0,0,33.14
1785126565.522,6.7,100.0,72.84,16.0,0.0,0,0,0,33.19
1785126566.522,8.0,100.0,72.85,16.0,0.0,0,0,0,33.24
1785126567.522,6.2,100.0,72.85,16.0,0.0,0,0,0,33.14
1785126568.522,7.2,100.0,72.84,18.0,0.0,0,0,0,33.19
1785126569.522,6.6,100.0,72.83,19.0,0.0,0,0,0,33.19
1785126570.522,6.2,100.0,72.81,17.0,0.0,0,0,0,33.14
1785126571.522,5.9,100.0,72.81,7.0,0.0,0,0,0,33.19
1785126572.523,6.6,100.0,72.82,7.0,0.0,0,0,0,33.28
1785126573.523,6.2,100.0,72.84,15.1,0.0,0,0,0,33.24
1785126574.523,5.3,100.0,72.85,16.9,0.0,0,0,0,33.15
1785126575.523,5.3,100.0,72.85,15.0,0.0,0,0,0,33.15
1785126576.523,6.1,100.0,72.87,16.0,0.0,0,0,0,33.11
1785126577.523,5.5,100.0,72.86,15.0,0.0,0,0,0,33.11
1785126578.523,5.6,100.0,72.84,17.0,0.0,0,0,0,33.16
1785126579.523,5.3,100.0,72.86,20.0,0.0,0,0,0,33.16
1785126580.523,6.9,100.0,72.86,20.0,0.0,0,0,0,33.11
1785126581.524,5.7,100.0,72.85,37.0,0.0,0,0,0,33.11
1785126582.524,5.7,100.0,72.86,31.0,0.0,0,0,0,33.15
1785126583.524,5.3,100.0,72.84,17.0,0.0,0,0,0,33.20
1785126584.524,6.1,100.0,72.82,14.0,0.0,0,0,0,33.15
1785126585.524,5.8,100.0,72.82,15.0,0.0,0,0,0,33.15
1785126586.524,5.4,100.0,72.84,24.0,0.0,0,0,0,33.20
1785126587.524,5.4,100.0,72.86,21.0,0.0,0,0,0,33.24
1785126588.524,6.4,100.0,72.88,25.0,0.0,0,0,0,33.29
1785126589.524,7.4,100.0,72.89,185.0,0.0,0,0,0,33.24
1785126590.524,5.9,100.0,72.87,45.0,0.0,0,0,0,33.15
1785126591.524,5.5,100.0,72.87,25.0,0.0,0,0,0,33.15
1785126592.525,5.5,100.0,72.88,31.1,0.0,0,0,0,33.19
1785126593.525,6.5,100.0,72.90,11.0,0.0,0,0,0,33.24
1785126594.525,5.5,100.0,72.89,20.0,0.0,0,0,0,33.29
1785126595.525,7.4,100.0,72.89,34.0,0.0,0,0,0,33.24
1785126596.525,6.8,100.0,72.91,34.0,0.0,0,0,0,33.14
1785126597.525,7.6,100.0,72.91,15.0,0.0,0,0,0,33.19
1785126598.525,6.8,100.0,72.51,34.0,0.0,0,0,0,33.20
1785126599.525,6.3,100.0,72.50,20.0,0.0,0,0,0,33.10
1785126600.525,6.5,100.0,72.48,27.0,0.0,0,0,0,33.13
1785126601.525,7.1,100.0,72.48,21.0,0.0,0,0,0,33.14
1785126602.525,7.7,100.0,72.57,30.0,0.0,0,0,0,50.39
1785126604.682,9.2,100.0,72.95,25.5,0.0,0,0,0,50.39
1785126605.682,7.5,100.0,72.95,19.1,0.0,0,0,0,67.58
1785126606.682,9.0,100.0,73.41,41.8,0.0,0,0,3,33.43
1785126607.683,7.6,100.0,73.76,21.0,0.0,0,0,267,64.96
1785126608.683,8.7,100.0,74.18,28.0,0.0,0,0,267,103.34
1785126609.683,10.2,100.0,73.54,14.0,0.0,7,1,0,103.76
1785126610.683,9.5,90.9,73.15,12.0,0.0,0,0,0,103.66
1785126611.683,8.1,100.0,73.15,17.0,0.0,0,0,0,103.97
1785126612.683,7.5,100.0,73.16,15.0,0.0,0,0,0,69.26
1785126613.683,7.7,100.0,73.16,42.0,0.0,0,0,0,34.11
1785126614.683,7.0,100.0,73.15,50.0,0.0,0,0,0,33.57
1785126615.683,6.4,100.0,73.14,26.0,0.0,0,0,0,33.42
1785126616.683,6.0,100.0,73.12,22.0,0.0,0,0,0,33.39
1785126617.684,7.7,99.0,73.10,35.0,0.0,0,0,0,33.38
1785126618.684,9.1,100.0,73.10,32.0,0.0,0,0,0,33.33
1785126619.684,7.6,100.0,73.10,27.0,0.0,0,0,0,33.33
1785126620.684,7.4,100.0,73.09,40.0,0.0,0,0,0,33.33
1785126621.684,6.9,100.0,73.14,54.0,0.0,0,0,0,33.33
1785126622.684,6.9,100.0,73.12,36.0,0.0,0,0,0,33.28
1785126623.684,8.4,100.0,73.08,38.0,0.0,0,0,0,33.33
1785126624.684,6.8,100.0,73.08,27.0,0.0,0,0,0,33.42
1785126625.684,8.2,100.0,73.07,32.0,0.0,0,0,0,33.43
1785126626.684,6.9,100.0,73.07,34.9,0.0,0,0,0,33.43
1785126627.685,7.3,100.0,73.07,19.0,0.0,0,0,0,33.38
1785126628.685,6.2,100.0,73.07,22.0,0.0,0,0,0,33.33
1785126629.685,6.9,100.0,73.06,24.0,0.0,0,0,0,33.24
1785126630.685,7.1,100.0,73.04,18.0,0.0,0,0,0,33.23
1785126631.685,6.3,100.0,73.05,16.0,0.0,0,0,0,33.28
1785126632.685,6.0,100.0,73.02,21.0,0.0,0,0,0,33.34
1785126633.685,5.7,100.0,73.01,23.0,0.0,0,0,0,33.39
1785126634.685,6.1,100.0,73.01,20.0,0.0,0,0,0,33.33
1785126635.685,6.1,88.1,73.04,24.0,0.0,0,0,0,33.33
1785126636.686,5.7,100.0,73.05,29.0,0.0,0,0,0,33.39
1785126637.686,5.2,100.0,73.05,18.0,0.0,0,0,0,33.39
1785126638.686,6.4,100.0,73.03,23.0,0.0,0,0,0,33.34
1785126639.686,5.4,100.0,73.04,18.0,0.0,0,0,0,33.29
1785126640.686,5.6,100.0,73.04,26.0,0.0,0,0,0,33.30
1785126641.686,5.6,100.0,73.03,40.0,0.0,0,0,0,33.35
1785126642.686,6.0,100.0,73.05,42.0,0.0,0,0,0,33.31
1785126643.686,7.7,100.0,73.08,176.0,0.0,0,0,0,33.20
1785126644.686,5.6,100.0,73.09,10.0,0.0,0,0,0,33.20
1785126645.687,5.6,100.0,73.09,15.0,0.0,0,0,0,33.20
1785126646.687,5.5,100.0,73.07,21.0,0.0,0,0,0,33.25
1785126647.687,7.9,100.0,73.07,94.9,0.0,0,0,0,33.29
1785126648.687,6.8,100.0,73.06,42.0,0.0,0,0,0,33.23
1785126649.687,6.8,100.0,73.06,23.0,0.0,0,0,0,33.27
1785126650.687,6.9,100.0,73.05,7.0,0.0,0,0,0,33.27
1785126651.687,6.9,100.0,73.07,6.0,0.0,0,0,0,33.28
1785126652.687,7.6,100.0,72.50,26.0,0.0,0,0,0,33.34
1785126653.687,6.5,100.0,72.52,36.0,0.0,0,0,0,33.29
1785126654.687,6.4,100.0,72.52,28.0,0.0,0,0,0,33.33
1785126655.687,6.9,100.0,72.53,19.0,0.0,0,0,0,33.28
1785126656.688,7.8,100.0,72.54,18.0,0.0,0,0,0,33.18
1785126657.688,6.8,100.0,72.52,24.0,0.0,0,0,0,33.18
1785126658.688,6.7,100.0,72.50,33.0,0.0,0,0,0,33.27
1785126659.688,6.4,100.0,72.51,24.0,0.0,0,0,0,33.23
1785126660.688,6.9,100.0,72.52,24.0,0.0,0,0,0,33.22
1785126661.688,6.4,100.0,72.50,24.0,0.0,0,0,0,33.27
1785126662.688,7.0,100.0,72.54,27.0,0.0,0,0,0,33.27
1785126663.688,7.0,100.0,72.67,85.0,0.0,0,0,0,33.23
1785126664.688,8.3,100.0,72.78,103.0,0.0,0,0,0,33.23
1785126665.689,9.1,100.0,72.86,100.0,0.0,0,0,0,33.22
1785126666.689,6.5,99.0,72.91,18.0,0.0,0,0,0,33.23
1785126667.689,7.3,100.0,73.09,54.0,0.0,0,0,0,33.28
1785126668.689,9.0,100.0,73.09,193.8,0.0,0,0,0,33.27
1785126669.689,8.4,100.0,73.09,29.0,0.0,0,0,0,33.23
1785126670.689,8.8,100.0,73.10,36.0,0.0,0,0,0,33.24
1785126671.689,7.2,100.0,73.11,23.0,0.0,0,0,0,33.24
1785126672.689,6.5,100.0,73.13,25.0,0.0,0,0,0,33.14
1785126673.689,7.5,100.0,73.14,32.0,0.0,0,0,0,33.14
1785126674.689,6.8,100.0,73.15,21.0,0.0,0,0,0,33.27
1785126675.690,5.4,100.0,73.15,14.0,0.0,0,0,0,33.32
1785126676.690,6.0,100.0,73.15,52.0,0.0,0,0,0,33.24
1785126677.690,6.8,100.0,73.15,50.0,0.0,0,0,0,33.19
1785126678.690,8.1,100.0,73.19,32.0,0.0,0,0,0,33.24
1785126679.690,5.7,100.0,73.19,29.0,0.0,0,0,0,33.24
1785126680.690,6.8,100.0,73.21,36.0,0.0,0,0,0,33.15
1785126681.690,5.4,100.0,73.23,25.0,0.0,0,0,0,33.19
1785126682.690,6.5,100.0,73.26,33.0,0.0,0,0,0,33.19
1785126683.690,6.0,100.0,73.26,30.0,0.0,0,0,0,33.15
1785126684.690,7.1,100.0,73.26,34.0,0.0,0,0,0,33.15
1785126685.690,6.1,100.0,73.23,12.0,0.0,0,0,0,33.15
1785126686.691,6.4,100.0,73.24,23.0,0.0,0,0,0,33.19
1785126687.691,7.1,100.0,73.25,45.9,0.0,0,0,0,33.15
1785126688.691,5.8,100.0,73.25,46.0,0.0,0,0,0,33.34
1785126689.691,5.8,100.0,73.26,54.0,0.0,0,0,0,33.39
1785126690.694,6.7,100.0,73.25,35.9,0.0,0,0,0,33.19
1785126691.694,5.6,100.0,73.26,21.0,0.0,0,0,0,33.19
1785126692.694,5.5,100.0,73.26,19.0,0.0,0,0,0,33.29
1785126693.695,5.8,100.0,73.28,38.0,0.0,0,0,0,33.29
1785126694.695,5.8,100.0,73.26,53.0,0.0,0,0,0,33.24
1785126695.695,6.5,100.0,73.28,28.0,0.0,0,0,0,33.24
1785126696.695,7.4,100.0,73.27,191.0,0.0,0,0,0,33.19
1785126697.695,5.7,100.0,73.25,37.0,0.0,0,0,0,33.19
1785126698.695,6.2,100.0,73.28,28.0,0.0,0,0,0,33.19
1785126699.695,6.4,100.0,73.27,40.0,0.0,0,0,0,33.19
1785126700.695,6.4,100.0,73.26,69.0,0.0,0,0,0,33.20
1785126701.695,5.8,100.0,73.26,44.0,0.0,0,0,0,33.24
1785126702.695,7.6,100.0,73.26,187.0,0.0,0,0,0,33.24
1785126703.696,6.5,100.0,73.27,26.0,0.0,0,0,0,33.19
1785126704.696,5.7,100.0,73.30,13.0,0.0,0,0,0,33.19
1785126705.696,5.4,100.0,73.29,13.0,0.0,0,0,0,33.19
1785126706.696,6.1,100.0,73.30,14.0,0.0,0,0,0,33.14
1785126707.696,6.4,100.0,73.28,16.0,0.0,0,0,0,33.19
1785126708.696,7.5,100.0,73.30,27.0,0.0,0,0,0,33.29
1785126709.696,6.1,100.0,73.31,31.0,0.0,0,0,0,33.24
1785126710.696,6.2,100.0,73.29,14.0,0.0,0,0,0,33.19
1785126711.696,5.8,100.0,73.31,13.0,0.0,0,0,0,33.24
1785126712.696,6.9,100.0,73.32,15.0,0.0,0,0,0,33.28
1785126713.697,6.4,100.0,73.33,16.0,0.0,0,0,0,33.23
1785126714.697,6.8,100.0,73.05,12.0,0.0,0,0,0,33.19
1785126715.697,6.4,100.0,72.26,15.0,0.0,0,0,0,33.24
1785126716.697,6.4,100.0,72.47,13.0,0.0,0,0,0,33.19
1785126717.697,5.7,100.0,72.96,11.0,0.0,0,0,0,33.10
1785126718.697,5.4,100.0,73.30,14.0,0.0,0,0,0,33.15
1785126719.697,5.4,100.0,73.39,19.0,0.0,0,0,0,33.20
1785126720.697,6.2,100.0,73.37,16.0,0.0,0,0,0,33.25
1785126721.697,5.4,100.0,73.36,15.0,0.0,0,0,0,33.20
1785126722.697,5.6,100.0,73.36,16.0,0.0,0,0,0,33.15
1785126723.698,5.3,100.0,73.36,11.0,0.0,0,0,0,33.24
1785126724.698,6.6,100.0,73.36,16.0,0.0,0,0,0,33.29
1785126725.698,5.6,100.0,73.35,15.0,0.0,0,0,0,33.34
1785126726.698,7.0,100.0,73.36,14.0,0.0,0,0,0,33.29
1785126727.698,6.1,100.0,73.37,13.0,0.0,0,0,0,33.19
1785126728.698,5.5,100.0,73.39,14.0,0.0,0,0,0,33.14
1785126729.698,8.0,100.0,73.41,11.0,0.0,0,0,0,33.19
1785126730.698,7.2,100.0,73.42,12.0,0.0,0,0,0,33.25
1785126731.698,5.9,100.0,73.42,17.0,0.0,0,0,0,33.20
1785126732.698,6.4,100.0,73.41,34.0,0.0,0,0,0,33.15
1785126733.698,5.4,100.0,73.41,14.0,0.0,0,0,0,33.15
1785126734.699,5.6,100.0,73.42,16.0,0.0,0,0,0,33.25
1785126735.699,5.3,100.0,73.40,17.0,0.0,0,0,0,33.30
1785126736.699,6.1,100.0,73.41,19.0,0.0,0,0,0,33.20
1785126737.699,5.7,100.0,73.42,33.0,0.0,0,0,0,33.16
1785126738.699,8.5,100.0,73.43,14.0,0.0,0,0,0,33.25
1785126739.699,5.4,100.0,73.43,19.0,0.0,0,0,0,33.25
1785126740.699,5.8,100.0,73.41,23.0,0.0,0,0,0,33.25
1785126741.699,6.5,100.0,73.40,8.0,0.0,0,0,0,33.25
1785126742.699,5.5,100.0,73.39,16.0,0.0,0,0,0,33.26
1785126743.699,5.8,100.0,73.37,20.0,0.0,0,0,0,33.31
1785126744.700,8.5,100.0,73.37,22.0,0.0,0,0,0,33.30
1785126745.700,7.8,100.0,73.35,16.0,0.0,0,0,0,33.30
1785126746.700,6.7,100.0,73.36,16.0,0.0,0,0,0,33.30
1785126747.700,7.5,100.0,73.34,20.0,0.0,0,0,0,33.39
1785126748.700,7.9,100.0,73.33,10.0,0.0,0,0,0,33.34
1785126749.700,6.6,100.0,73.34,20.0,0.0,0,0,0,33.25
1785126750.700,6.5,100.0,73.35,23.0,0.0,0,0,0,33.25
1785126751.700,6.3,100.0,73.35,10.0,0.0,0,0,0,33.20
1785126752.700,6.3,100.0,73.35,11.0,0.0,0,0,0,33.20
1785126753.700,7.3,100.0,73.36,10.0,0.0,0,0,0,33.24
1785126754.701,6.6,100.0,73.34,8.0,0.0,0,0,0,33.29
1785126755.701,6.3,100.0,73.32,4.0,0.0,0,0,0,33.18
1785126756.701,6.3,100.0,73.33,4.0,0.0,0,0,0,33.17
1785126757.701,6.8,100.0,73.32,15.0,0.0,0,0,0,33.28
1785126758.701,5.9,100.0,73.30,25.0,0.0,0,0,0,33.29
1785126759.701,5.3,100.0,73.32,25.0,0.0,0,0,0,33.35
1785126760.701,5.8,100.0,73.33,28.0,0.0,0,0,0,33.30
1785126761.701,5.7,100.0,73.36,15.0,0.0,0,0,0,33.24
1785126762.701,6.5,100.0,73.34,28.0,0.0,0,0,0,33.25
1785126763.701,5.4,100.0,73.33,20.0,0.0,0,0,0,33.25
1785126764.702,5.5,100.0,73.35,26.1,0.0,0,0,0,33.29
1785126765.702,5.8,100.0,73.37,32.8,0.0,0,0,0,33.29
1785126766.702,6.4,100.0,73.35,42.0,0.0,0,0,0,33.24
1785126767.702,5.5,100.0,73.36,31.0,0.0,0,0,0,33.20
1785126768.702,5.5,100.0,73.34,35.0,0.0,0,0,0,33.25
1785126769.702,5.5,100.0,73.37,25.0,0.0,0,0,0,33.29
1785126770.702,6.4,100.0,73.38,29.0,0.0,0,0,0,33.24
1785126771.702,5.5,100.0,73.41,15.0,0.0,0,0,0,33.19
1785126772.702,5.2,100.0,73.41,10.0,0.0,0,0,0,33.19
1785126773.702,5.5,100.0,73.40,23.0,0.0,0,0,0,33.19
1785126774.703,5.4,100.0,73.39,24.0,0.0,0,0,0,33.24
1785126775.703,6.6,100.0,73.41,15.0,0.0,0,0,0,33.24
1785126776.703,6.3,100.0,73.40,14.0,0.0,0,0,0,33.24
1785126777.703,5.5,100.0,73.41,12.0,0.0,0,0,0,33.24
1785126778.703,5.3,100.0,73.41,12.0,0.0,0,0,0,33.19
1785126779.703,6.1,100.0,73.40,8.0,0.0,0,0,0,33.24
1785126780.703,5.3,100.0,73.37,10.0,0.0,0,0,0,33.29
1785126781.703,5.3,100.0,73.37,12.0,0.0,0,0,0,33.29
1785126782.703,5.3,100.0,73.38,13.0,0.0,0,0,0,33.34
1785126783.703,6.3,100.0,73.00,24.0,0.0,0,0,0,33.34
1785126784.703,5.5,100.0,73.01,30.0,0.0,0,0,0,33.24
1785126785.704,5.5,100.0,73.03,37.0,0.0,0,0,0,33.19
1785126786.704,7.5,100.0,73.07,24.0,0.0,0,0,0,33.24
1785126787.704,8.9,100.0,73.07,26.0,0.0,0,0,0,33.30
1785126788.704,6.7,100.0,73.07,21.0,0.0,0,0,0,33.29
1785126789.704,8.7,100.0,73.37,42.0,0.0,0,0,0,33.34
1785126790.704,8.5,100.0,73.42,34.0,0.0,0,0,0,33.33
1785126791.704,7.5,100.0,73.43,17.0,0.0,0,0,0,33.28
1785126792.704,6.9,100.0,73.43,20.0,0.0,0,0,0,33.32
1785126793.704,6.6,100.0,73.50,13.0,0.0,0,0,0,33.28
1785126794.704,6.3,100.0,73.48,13.0,0.0,0,0,0,33.19
1785126795.705,7.5,100.0,73.49,15.0,0.0,0,0,0,33.23
1785126796.705,6.9,100.0,73.60,52.0,0.0,0,0,0,33.24
1785126797.705,9.1,100.0,73.77,236.8,0.0,0,0,0,33.18
1785126798.705,11.6,100.0,73.91,168.2,0.0,0,0,0,33.22
1785126799.705,6.9,100.0,73.93,54.0,0.0,0,0,0,33.28
1785126800.705,7.5,100.0,73.94,65.0,0.0,0,0,0,33.34
1785126801.705,6.9,100.0,73.97,50.0,0.0,0,0,0,33.39
1785126802.705,6.0,100.0,73.99,56.0,0.0,0,0,0,33.39
1785126803.705,6.3,100.0,74.01,53.0,0.0,0,0,0,33.39
1785126804.705,6.6,100.0,72.88,48.0,0.0,0,0,0,33.34
1785126805.705,8.1,100.0,71.06,45.0,0.0,0,0,0,33.25
1785126806.706,5.4,100.0,71.07,44.0,0.0,0,0,0,33.25
1785126807.706,6.2,100.0,71.09,63.0,0.0,0,0,0,33.30
1785126808.706,7.1,100.0,71.10,54.0,0.0,0,0,0,33.30
1785126809.706,5.5,100.0,71.19,95.0,0.0,0,0,25,33.40
1785126810.706,6.0,100.0,71.27,143.9,0.0,0,0,1431,96.71
1785126811.706,6.0,100.0,71.40,129.0,0.0,0,0,1507,103.49
1785126812.706,6.5,100.0,71.37,61.0,0.0,0,0,1507,103.72
1785126813.706,5.1,100.0,71.35,59.0,0.0,0,0,1507,104.12
1785126814.706,5.6,100.0,71.35,84.0,0.0,0,0,1507,104.01
1785126815.706,5.8,100.0,71.41,103.8,0.0,0,0,1507,104.27
1785126816.707,6.3,99.0,71.44,67.1,0.0,0,0,1507,104.08
1785126817.707,5.3,100.0,71.43,64.0,0.0,0,0,1507,104.32
1785126818.707,5.5,100.0,71.44,98.0,0.0,0,0,1507,104.46
1785126819.707,5.7,100.0,71.43,76.0,0.0,0,0,1507,104.51
1785126820.707,6.3,100.0,71.43,72.0,0.0,0,0,1507,104.55
1785126821.707,5.6,100.0,71.45,96.9,0.0,0,0,1507,104.60
1785126822.707,5.8,100.0,71.51,72.1,0.0,0,0,1507,104.73
1785126823.707,5.7,100.0,71.52,61.0,0.0,0,0,1507,104.82
1785126824.707,8.5,100.0,71.60,38.0,0.0,0,0,1507,104.89
1785126825.707,6.7,100.0,71.34,26.0,0.0,0,0,1507,104.94
1785126826.707,5.9,100.0,71.35,53.0,0.0,0,0,1507,104.97
1785126827.708,5.9,100.0,71.36,46.0,0.0,0,0,1507,105.09
1785126828.708,7.2,100.0,71.42,103.0,0.0,0,0,1507,105.21
1785126829.708,6.6,100.0,71.55,138.0,0.0,0,0,1507,105.23
1785126830.708,6.4,100.0,71.57,131.0,0.0,0,0,1507,105.20
1785126831.708,5.9,100.0,71.58,135.0,0.0,0,0,1507,105.25
1785126832.708,6.4,100.0,71.58,129.0,0.0,0,0,1507,105.33
1785126833.708,5.5,100.0,71.58,127.0,0.0,0,0,1507,105.42
1785126834.708,5.9,100.0,71.44,53.9,0.0,0,0,9065,105.39
1785126835.708,5.8,100.0,71.23,23.1,0.0,0,0,13993,105.68
1785126836.708,5.4,73.3,71.24,22.0,0.0,0,0,13993,105.68
1785126837.708,4.9,100.0,71.20,25.0,0.0,0,0,13993,105.95
1785126838.709,4.6,100.0,71.19,23.0,0.0,0,0,13993,105.72
1785126839.709,5.2,100.0,71.19,41.0,0.0,0,0,15033,105.88
1785126840.709,4.7,100.0,71.22,25.0,0.0,0,0,15033,105.69
1785126841.709,5.1,100.0,71.20,17.0,0.0,0,0,15033,106.32
1785126842.709,6.6,100.0,71.51,185.0,0.0,0,0,15033,105.98
1785126843.709,13.0,100.0,72.74,572.5,0.0,0,0,15033,106.06
1785126844.709,17.4,100.0,74.06,652.1,0.0,0,0,15033,106.10
1785126845.709,18.9,100.0,74.18,695.0,0.0,0,0,15033,106.00
1785126846.709,18.1,100.0,75.55,702.0,0.0,0,0,15033,106.05
1785126847.709,20.5,100.0,76.75,732.9,0.0,0,0,15033,106.15
1785126848.709,22.5,100.0,76.96,672.0,0.0,0,0,15033,106.16
1785126849.710,24.2,100.0,78.07,749.5,0.0,0,0,15033,106.16
1785126850.710,24.6,100.0,78.36,735.0,0.0,0,0,15033,106.20
1785126851.710,15.0,100.0,77.10,249.4,0.0,0,0,15033,106.36
1785126852.710,11.6,100.0,76.00,151.2,0.0,0,0,15033,106.46
1785126853.710,8.9,100.0,74.03,129.2,0.0,0,0,15033,106.46
1785126854.710,5.4,100.0,74.01,103.0,0.0,0,0,14977,106.56
1785126855.710,5.8,100.0,73.97,87.0,0.0,0,0,14977,106.58
1785126856.710,5.3,100.0,73.82,96.0,0.0,0,0,14977,106.96
1785126857.710,5.8,100.0,72.61,46.0,0.0,0,0,0,109.11
1785126858.710,8.0,100.0,72.57,99.9,0.0,0,0,0,107.86
1785126859.711,4.7,100.0,71.58,2.0,0.0,0,0,0,106.28
